STOCK_CODE,STOCK_NAME,ISIN_CODE,LISTING_DATE,MARKET_TYPE,INDUSTRY_TYPE,CFI_CODE,NOTE
1101,台泥,TW0001101004,1962/02/09,上市,水泥工業,ESVUFR,NA
1102,亞泥,TW0001102002,1962/06/18,上市,水泥工業,ESVUFR,NA
1103,嘉泥,TW0001103000,1969/11/27,上市,水泥工業,ESVUFR,NA
1104,環泥,TW0001104008,1971/02/02,上市,水泥工業,ESVUFR,NA
1108,幸福,TW0001108009,1990/06/06,上市,水泥工業,ESVUFR,NA
1109,信大,TW0001109007,1991/12/05,上市,水泥工業,ESVUFR,NA
1110,東泥,TW0001110005,1994/12/22,上市,水泥工業,ESVUFR,NA
1201,味全,TW0001201002,1962/02/09,上市,食品工業,ESVUFR,NA
1203,味王,TW0001203008,1964/08/24,上市,食品工業,ESVUFR,NA
1210,大成,TW0001210003,1978/05/20,上市,食品工業,ESVUFR,NA
1213,大飲,TW0001213007,1981/04/10,上市,食品工業,ESVUFR,NA
1215,卜蜂,TW0001215002,1987/07/27,上市,食品工業,ESVUFR,NA
1216,統一,TW0001216000,1987/12/28,上市,食品工業,ESVUFR,NA
1217,愛之味,TW0001217008,1989/10/28,上市,食品工業,ESVUFR,NA
1218,泰山,TW0001218006,1989/11/11,上市,食品工業,ESVUFR,NA
1219,福壽,TW0001219004,1990/12/01,上市,食品工業,ESVUFR,NA
1220,台榮,TW0001220002,1991/11/20,上市,食品工業,ESVUFR,NA
1225,福懋油,TW0001225001,1993/09/27,上市,食品工業,ESVUFR,NA
1227,佳格,TW0001227007,1994/04/09,上市,食品工業,ESVUFR,NA
1229,聯華,TW0001229003,1976/07/19,上市,食品工業,ESVUFR,NA
1231,聯華食,TW0001231009,1995/11/02,上市,食品工業,ESVUFR,NA
1232,大統益,TW0001232007,1996/02/09,上市,食品工業,ESVUFR,NA
1233,天仁,TW0001233005,1999/01/20,上市,食品工業,ESVUFR,NA
1234,黑松,TW0001234003,1999/03/12,上市,食品工業,ESVUFR,NA
1235,興泰,TW0001235000,2000/09/11,上市,食品工業,ESVUFR,NA
1236,宏亞,TW0001236008,2001/09/17,上市,食品工業,ESVUFR,NA
1256,鮮活果汁-KY,NA,NA,NA,NA,NA,NA
1301,台塑,TW0001301000,1964/07/27,上市,塑膠工業,ESVUFR,NA
1303,南亞,TW0001303006,1967/11/05,上市,塑膠工業,ESVUFR,NA
1304,台聚,TW0001304004,1972/05/20,上市,塑膠工業,ESVUFR,NA
1305,華夏,TW0001305001,1973/03/05,上市,塑膠工業,ESVUFR,NA
1307,三芳,TW0001307007,1985/11/23,上市,塑膠工業,ESVUFR,NA
1308,亞聚,TW0001308005,1986/06/20,上市,塑膠工業,ESVUFR,NA
1309,台達化,TW0001309003,1986/06/27,上市,塑膠工業,ESVUFR,NA
1310,台苯,TW0001310001,1987/08/06,上市,塑膠工業,ESVUFR,NA
1312,國喬,TW0001312007,1988/12/21,上市,塑膠工業,ESVUFR,NA
1313,聯成,TW0001313005,1989/03/27,上市,塑膠工業,ESVUFR,NA
1314,中石化,TW0001314003,1991/07/12,上市,塑膠工業,ESVUFR,NA
1315,達新,TW0001315000,1992/05/09,上市,塑膠工業,ESVUFR,NA
1316,上曜,TW0001316008,1992/10/15,上市,塑膠工業,ESVUFR,NA
1319,東陽,TW0001319002,1994/12/12,上市,塑膠工業,ESVUFR,NA
1321,大洋,TW0001321008,1999/01/26,上市,塑膠工業,ESVUFR,NA
1323,永裕,TW0001323004,2000/09/11,上市,塑膠工業,ESVUFR,NA
1324,地球,TW0001324002,2000/09/11,上市,塑膠工業,ESVUFR,NA
1325,恆大,TW0001325009,2000/09/11,上市,塑膠工業,ESVUFR,NA
1326,台化,TW0001326007,1984/12/20,上市,塑膠工業,ESVUFR,NA
1337,再生-KY,KYG0539R1039,2011/07/01,上市,塑膠工業,ESVUFR,NA
1338,廣華-KY,NA,NA,NA,NA,NA,NA
1339,昭輝,NA,NA,NA,NA,NA,NA
1340,勝悅-KY,NA,NA,NA,NA,NA,NA
1341,富林-KY,NA,NA,NA,NA,NA,NA
1402,遠東新,TW0001402006,1967/04/19,上市,紡織纖維,ESVUFR,NA
1409,新纖,TW0001409001,1973/10/08,上市,紡織纖維,ESVUFR,NA
1410,南染,TW0001410009,1973/10/08,上市,紡織纖維,ESVUFR,NA
1413,宏洲,TW0001413003,1975/12/17,上市,紡織纖維,ESVUFR,NA
1414,東和,TW0001414001,1976/02/05,上市,紡織纖維,ESVUFR,NA
1416,廣豐,TW0001416006,1976/04/20,上市,紡織纖維,ESVUFR,NA
1417,嘉裕,TW0001417004,1976/12/28,上市,紡織纖維,ESVUFR,NA
1418,東華,TW0001418002,1977/02/14,上市,紡織纖維,ESVUFR,NA
1419,新紡,TW0001419000,1977/03/14,上市,紡織纖維,ESVUFR,NA
1423,利華,TW0001423002,1979/04/02,上市,紡織纖維,ESVUFR,NA
1432,大魯閣,TW0001432003,1982/07/26,上市,紡織纖維,ESVUFR,NA
1434,福懋,TW0001434009,1985/12/24,上市,紡織纖維,ESVUFR,NA
1435,中福,TW0001435006,1987/12/28,上市,其他,ESVUFR,NA
1436,華友聯,TW0001436004,1988/04/11,上市,建材營造,ESVUFR,NA
1437,勤益控,TW0001437002,1988/11/10,上市,半導體業,ESVUFR,NA
1438,裕豐,TW0001438000,1988/12/15,上市,紡織纖維,ESVUFR,NA
1439,中和,TW0001439008,1989/05/22,上市,紡織纖維,ESVUFR,NA
1440,南紡,TW0001440006,1989/10/03,上市,紡織纖維,ESVUFR,NA
1441,大東,TW0001441004,1989/10/27,上市,紡織纖維,ESVUFR,NA
1442,名軒,TW0001442002,2002/01/04,上市,建材營造,ESVUFR,NA
1443,立益,TW0001443000,1990/04/21,上市,紡織纖維,ESVUFR,NA
1444,力麗,TW0001444008,1990/08/08,上市,紡織纖維,ESVUFR,NA
1445,大宇,TW0001445005,1991/02/05,上市,紡織纖維,ESVUFR,NA
1446,宏和,TW0001446003,1991/10/15,上市,紡織纖維,ESVUFR,NA
1447,力鵬,TW0001447001,1992/01/28,上市,紡織纖維,ESVUFR,NA
1449,佳和,TW0001449007,1992/05/06,上市,紡織纖維,ESVUFR,NA
1451,年興,TW0001451003,1992/12/21,上市,紡織纖維,ESVUFR,NA
1452,宏益,TW0001452001,1992/12/28,上市,紡織纖維,ESVUFR,NA
1453,大將,TW0001453009,1993/04/19,上市,紡織纖維,ESVUFR,NA
1454,台富,TW0001454007,1993/05/07,上市,紡織纖維,ESVUFR,NA
1455,集盛,TW0001455004,1993/10/07,上市,紡織纖維,ESVUFR,NA
1456,怡華,TW0001456002,1983/12/09,上市,紡織纖維,ESVUFR,NA
1457,宜進,TW0001457000,1994/10/20,上市,紡織纖維,ESVUFR,NA
1459,聯發,TW0001459006,1994/10/26,上市,紡織纖維,ESVUFR,NA
1460,宏遠,TW0001460004,1995/04/28,上市,紡織纖維,ESVUFR,NA
1463,強盛,TW0001463008,1996/12/05,上市,紡織纖維,ESVUFR,NA
1464,得力,TW0001464006,1997/01/18,上市,紡織纖維,ESVUFR,NA
1465,偉全,TW0001465003,1997/09/08,上市,紡織纖維,ESVUFR,NA
1466,聚隆,TW0001466001,1998/04/04,上市,紡織纖維,ESVUFR,NA
1467,南緯,TW0001467009,1998/12/21,上市,紡織纖維,ESVUFR,NA
1468,昶和,TW0001468007,1999/01/21,上市,紡織纖維,ESVUFR,NA
1469,NA,TW0001469005,1999/02/05,上市,紡織纖維,ESVUFR,NA
1470,大統新創,TW0001470003,1999/05/21,上市,紡織纖維,ESVUFR,NA
1471,首利,TW0001471001,2000/03/06,上市,電子零組件業,ESVUFR,NA
1472,三洋紡,TW0001472009,2000/09/11,上市,紡織纖維,ESVUFR,NA
1473,台南,TW0001473007,2000/09/11,上市,紡織纖維,ESVUFR,NA
1474,弘裕,TW0001474005,2000/10/31,上市,紡織纖維,ESVUFR,NA
1475,本盟,TW0001475002,2000/10/27,上市,紡織纖維,ESVUFR,NA
1476,儒鴻,TW0001476000,2001/04/18,上市,紡織纖維,ESVUFR,NA
1477,聚陽,TW0001477008,2003/01/21,上市,紡織纖維,ESVUFR,NA
1503,士電,TW0001503001,1969/12/15,上市,電機機械,ESVUFR,NA
1504,東元,TW0001504009,1973/11/05,上市,電機機械,ESVUFR,NA
1506,正道,TW0001506004,1980/08/01,上市,電機機械,ESVUFR,NA
1507,永大,TW0001507002,1989/11/09,上市,電機機械,ESVUFR,NA
1512,瑞利,TW0001512002,1994/01/28,上市,電機機械,ESVUFR,NA
1513,中興電,TW0001513000,1994/03/08,上市,電機機械,ESVUFR,NA
1514,亞力,TW0001514008,1994/03/26,上市,電機機械,ESVUFR,NA
1515,力山,TW0001515005,1995/02/04,上市,電機機械,ESVUFR,NA
1516,川飛,TW0001516003,1995/04/01,上市,電機機械,ESVUFR,NA
1517,利奇,TW0001517001,1995/11/14,上市,電機機械,ESVUFR,NA
1519,華城,TW0001519007,1997/04/16,上市,電機機械,ESVUFR,NA
1521,大億,TW0001521003,1997/10/06,上市,電機機械,ESVUFR,NA
1522,堤維西,TW0001522001,1997/10/06,上市,電機機械,ESVUFR,NA
1524,耿鼎,TW0001524007,1998/10/30,上市,電機機械,ESVUFR,NA
1525,江申,TW0001525004,1999/05/15,上市,電機機械,ESVUFR,NA
1526,日馳,TW0001526002,2000/03/27,上市,電機機械,ESVUFR,NA
1527,鑽全,TW0001527000,2000/06/21,上市,電機機械,ESVUFR,NA
1528,恩德,TW0001528008,2000/09/11,上市,電機機械,ESVUFR,NA
1529,樂士,TW0001529006,2000/09/11,上市,電機機械,ESVUFR,NA
1530,亞崴,TW0001530004,2000/09/11,上市,電機機械,ESVUFR,NA
1531,高林股,TW0001531002,2000/09/11,上市,電機機械,ESVUFR,NA
1532,勤美,TW0001532000,2000/09/11,上市,鋼鐵工業,ESVUFR,NA
1533,車王電,TW0001533008,2001/04/06,上市,電機機械,ESVUFR,NA
1535,中宇,TW0001535003,2001/09/17,上市,電機機械,ESVUFR,NA
1536,和大,TW0001536001,2001/09/17,上市,電機機械,ESVUFR,NA
1537,廣隆,TW0001537009,2002/01/22,上市,電機機械,ESVUFR,NA
1538,正峰新,TW0001538007,2002/08/26,上市,電機機械,ESVUFR,NA
1539,巨庭,TW0001539005,2002/10/29,上市,電機機械,ESVUFR,NA
1540,喬福,TW0001540003,2002/08/26,上市,電機機械,ESVUFR,NA
1541,錩泰,TW0001541001,2003/03/19,上市,電機機械,ESVUFR,NA
1558,伸興,NA,NA,NA,NA,NA,NA
1560,中砂,TW0001560001,2005/01/31,上市,電機機械,ESVUFR,NA
1568,倉佑,NA,NA,NA,NA,NA,NA
1582,信錦,TW0001582005,2009/12/17,上市,電子零組件業,ESVUFR,NA
1583,程泰,TW0001583003,2008/01/24,上市,電機機械,ESVUFR,NA
1587,吉茂,NA,NA,NA,NA,NA,NA
1589,永冠-KY,NA,NA,NA,NA,NA,NA
1590,亞德客-KY,KYG014081064,2010/12/13,上市,電機機械,ESVUFR,NA
1592,英瑞-KY,NA,NA,NA,NA,NA,NA
1598,岱宇,NA,NA,NA,NA,NA,NA
1603,華電,TW0001603009,1968/06/03,上市,電器電纜,ESVUFR,NA
1604,聲寶,TW0001604007,1971/01/07,上市,電器電纜,ESVUFR,NA
1605,華新,TW0001605004,1972/11/03,上市,電器電纜,ESVUFR,NA
1608,華榮,TW0001608008,1988/07/11,上市,電器電纜,ESVUFR,NA
1609,大亞,TW0001609006,1988/12/12,上市,電器電纜,ESVUFR,NA
1611,中電,TW0001611002,1990/01/16,上市,電器電纜,ESVUFR,NA
1612,宏泰,TW0001612000,1993/05/08,上市,電器電纜,ESVUFR,NA
1613,NA,TW0001613008,1995/10/20,上市,電器電纜,ESVUFR,NA
1614,三洋電,TW0001614006,1997/09/18,上市,電器電纜,ESVUFR,NA
1615,大山,TW0001615003,2000/03/30,上市,電器電纜,ESVUFR,NA
1616,億泰,TW0001616001,2000/09/11,上市,電器電纜,ESVUFR,NA
1617,榮星,TW0001617009,2000/09/11,上市,電器電纜,ESVUFR,NA
1618,合機,TW0001618007,2000/09/11,上市,電器電纜,ESVUFR,NA
1626,艾美特-KY,NA,NA,NA,NA,NA,NA
1701,中化,TW0001701001,1962/02/09,上市,生技醫療業,ESVUFR,NA
1702,南僑,TW0001702009,1973/12/17,上市,食品工業,ESVUFR,NA
1704,NA,TW0001704005,1977/12/17,上市,化學工業,ESVUFR,NA
1707,葡萄王,TW0001707008,1982/12/20,上市,生技醫療業,ESVUFR,NA
1708,東鹼,TW0001708006,1986/06/16,上市,化學工業,ESVUFR,NA
1709,和益,TW0001709004,1986/07/03,上市,化學工業,ESVUFR,NA
1710,東聯,TW0001710002,1987/10/21,上市,化學工業,ESVUFR,NA
1711,永光,TW0001711000,1988/12/27,上市,化學工業,ESVUFR,NA
1712,興農,TW0001712008,1989/12/14,上市,化學工業,ESVUFR,NA
1713,國化,TW0001713006,1990/01/31,上市,化學工業,ESVUFR,NA
1714,和桐,TW0001714004,1991/08/30,上市,化學工業,ESVUFR,NA
1715,NA,TW0001715001,1992/12/28,上市,塑膠工業,ESVUFR,NA
1717,長興,TW0001717007,1994/03/30,上市,化學工業,ESVUFR,NA
1718,中纖,TW0001718005,1963/12/02,上市,化學工業,ESVUFR,NA
1720,生達,TW0001720001,1995/12/12,上市,生技醫療業,ESVUFR,NA
1721,三晃,TW0001721009,1996/05/16,上市,化學工業,ESVUFR,NA
1722,台肥,TW0001722007,1998/03/24,上市,化學工業,ESVUFR,NA
1723,中碳,TW0001723005,1998/11/27,上市,化學工業,ESVUFR,NA
1724,台硝,TW0001724003,1995/03/30,上市,化學工業,ESVUFR,NA
1725,元禎,TW0001725000,2000/09/11,上市,化學工業,ESVUFR,NA
1726,永記,TW0001726008,2000/09/11,上市,化學工業,ESVUFR,NA
1727,中華化,TW0001727006,2000/09/11,上市,化學工業,ESVUFR,NA
1729,NA,TW0001729002,2001/03/21,上市,生技醫療業,ESVUFR,NA
1730,花仙子,TW0001730000,2001/09/17,上市,化學工業,ESVUFR,NA
1731,美吾華,TW0001731008,2001/09/17,上市,生技醫療業,ESVUFR,NA
1732,毛寶,TW0001732006,2001/09/17,上市,化學工業,ESVUFR,NA
1733,五鼎,TW0001733004,2001/09/17,上市,生技醫療業,ESVUFR,NA
1734,杏輝,TW0001734002,2002/08/26,上市,生技醫療業,ESVUFR,NA
1735,日勝化,TW0001735009,2002/08/26,上市,化學工業,ESVUFR,NA
1736,喬山,TW0001736007,2003/01/09,上市,生技醫療業,ESVUFR,NA
1737,臺鹽,TW0001737005,2003/11/18,上市,化學工業,ESVUFR,NA
1760,寶齡富錦,NA,NA,NA,NA,NA,NA
1762,中化生,TW0001762003,2010/12/20,上市,生技醫療業,ESVUFR,NA
1773,勝一,TW0001773000,2009/02/27,上市,化學工業,ESVUFR,NA
1776,展宇,NA,NA,NA,NA,NA,NA
1783,和康生,NA,NA,NA,NA,NA,NA
1786,科妍,NA,NA,NA,NA,NA,NA
1789,神隆,TW0001789006,2011/09/29,上市,生技醫療業,ESVUFR,NA
1795,美時,NA,NA,NA,NA,NA,NA
1802,台玻,TW0001802007,1973/07/20,上市,玻璃陶瓷,ESVUFR,NA
1805,寶徠,TW0001805000,1989/10/20,上市,建材營造,ESVUFR,NA
1806,冠軍,TW0001806008,1992/09/29,上市,玻璃陶瓷,ESVUFR,NA
1808,潤隆,TW0001808004,1994/10/26,上市,建材營造,ESVUFR,NA
1809,中釉,TW0001809002,1996/04/30,上市,玻璃陶瓷,ESVUFR,NA
1810,和成,TW0001810000,1991/10/14,上市,玻璃陶瓷,ESVUFR,NA
1817,凱撒衛,NA,NA,NA,NA,NA,NA
1902,台紙,TW0001902005,1962/02/09,上市,造紙工業,ESVUFR,NA
1903,士紙,TW0001903003,1963/12/09,上市,造紙工業,ESVUFR,NA
1904,正隆,TW0001904001,1971/09/10,上市,造紙工業,ESVUFR,NA
1905,華紙,TW0001905008,1975/02/17,上市,造紙工業,ESVUFR,NA
1906,寶隆,TW0001906006,1976/04/26,上市,造紙工業,ESVUFR,NA
1907,永豐餘,TW0001907004,1977/02/22,上市,造紙工業,ESVUFR,NA
1909,榮成,TW0001909000,1985/11/19,上市,造紙工業,ESVUFR,NA
2002,中鋼,TW0002002003,1974/12/26,上市,鋼鐵工業,ESVUFR,NA
2006,東和鋼鐵,TW0002006004,1988/07/13,上市,鋼鐵工業,ESVUFR,NA
2007,燁興,TW0002007002,1985/10/04,上市,鋼鐵工業,ESVUFR,NA
2008,高興昌,TW0002008000,1988/12/28,上市,鋼鐵工業,ESVUFR,NA
2009,第一銅,TW0002009008,1989/10/20,上市,鋼鐵工業,ESVUFR,NA
2010,春源,TW0002010006,1989/12/22,上市,鋼鐵工業,ESVUFR,NA
2012,春雨,TW0002012002,1991/10/17,上市,鋼鐵工業,ESVUFR,NA
2013,中鋼構,TW0002013000,1992/01/21,上市,鋼鐵工業,ESVUFR,NA
2014,中鴻,TW0002014008,1992/02/20,上市,鋼鐵工業,ESVUFR,NA
2015,豐興,TW0002015005,1992/05/25,上市,鋼鐵工業,ESVUFR,NA
2017,官田鋼,TW0002017001,1992/11/02,上市,鋼鐵工業,ESVUFR,NA
2020,美亞,TW0002020005,1993/04/27,上市,鋼鐵工業,ESVUFR,NA
2022,聚亨,TW0002022001,1995/03/27,上市,鋼鐵工業,ESVUFR,NA
2023,燁輝,TW0002023009,1995/07/28,上市,鋼鐵工業,ESVUFR,NA
2024,志聯,TW0002024007,1995/12/30,上市,鋼鐵工業,ESVUFR,NA
2025,千興,TW0002025004,1996/02/08,上市,鋼鐵工業,ESVUFR,NA
2027,大成鋼,TW0002027000,1996/10/24,上市,鋼鐵工業,ESVUFR,NA
2028,威致,TW0002028008,1996/12/13,上市,鋼鐵工業,ESVUFR,NA
2029,盛餘,TW0002029006,1997/01/11,上市,鋼鐵工業,ESVUFR,NA
2030,彰源,TW0002030004,1998/12/24,上市,鋼鐵工業,ESVUFR,NA
2031,新光鋼,TW0002031002,2000/09/11,上市,鋼鐵工業,ESVUFR,NA
2032,新鋼,TW0002032000,2000/09/11,上市,鋼鐵工業,ESVUFR,NA
2033,佳大,TW0002033008,2000/09/11,上市,鋼鐵工業,ESVUFR,NA
2034,允強,TW0002034006,2001/09/17,上市,鋼鐵工業,ESVUFR,NA
2038,海光,TW0002038007,2008/12/30,上市,鋼鐵工業,ESVUFR,NA
2049,上銀,TW0002049004,2009/06/26,上市,電機機械,ESVUFR,NA
2059,川湖,TW0002059003,2008/06/25,上市,電子零組件業,ESVUFR,NA
2062,橋椿,TW0002062007,2007/11/16,上市,其他,ESVUFR,NA
2069,運錩,NA,NA,NA,NA,NA,NA
2101,南港,TW0002101003,1963/11/01,上市,橡膠工業,ESVUFR,NA
2102,泰豐,TW0002102001,1979/07/16,上市,橡膠工業,ESVUFR,NA
2103,台橡,TW0002103009,1982/09/25,上市,橡膠工業,ESVUFR,NA
2104,國際中橡,TW0002104007,1986/07/15,上市,橡膠工業,ESVUFR,NA
2105,正新,TW0002105004,1987/12/07,上市,橡膠工業,ESVUFR,NA
2106,建大,TW0002106002,1990/12/20,上市,橡膠工業,ESVUFR,NA
2107,厚生,TW0002107000,1992/03/03,上市,橡膠工業,ESVUFR,NA
2108,南帝,TW0002108008,1992/10/27,上市,橡膠工業,ESVUFR,NA
2109,華豐,TW0002109006,2000/05/08,上市,橡膠工業,ESVUFR,NA
2114,鑫永銓,TW0002114006,2010/12/29,上市,橡膠工業,ESVUFR,NA
2115,六暉-KY,NA,NA,NA,NA,NA,NA
2201,裕隆,TW0002201001,1976/07/08,上市,汽車工業,ESVUFR,NA
2204,中華,TW0002204005,1991/03/12,上市,汽車工業,ESVUFR,NA
2206,三陽工業,TW0002206000,1996/07/29,上市,汽車工業,ESVUFR,NA
2207,和泰車,TW0002207008,1997/02/25,上市,汽車工業,ESVUFR,NA
2208,台船,TW0002208006,2008/12/22,上市,航運業,ESVUFR,NA
2227,裕日車,TW0002227006,2004/12/21,上市,汽車工業,ESVUFR,NA
2228,劍麟,NA,NA,NA,NA,NA,NA
2231,為升,TW0002231008,2010/11/19,上市,電機機械,ESVUFR,NA
2233,宇隆,NA,NA,NA,NA,NA,NA
2236,百達-KY,NA,NA,NA,NA,NA,NA
2239,英利-KY,NA,NA,NA,NA,NA,NA
2243,宏旭-KY,NA,NA,NA,NA,NA,NA
2301,光寶科,TW0002301009,2002/11/26,上市,電腦及週邊設備業,ESVUFR,NA
2302,麗正,TW0002302007,1985/01/15,上市,半導體業,ESVUFR,NA
2303,聯電,TW0002303005,1985/07/16,上市,半導體業,ESVUFR,NA
2305,全友,TW0002305000,1988/10/21,上市,電腦及週邊設備業,ESVUFR,NA
2308,台達電,TW0002308004,1988/12/19,上市,電子零組件業,ESVUFR,NA
2311,NA,TW0002311008,1989/07/19,上市,半導體業,ESVUFR,NA
2312,金寶,TW0002312006,1989/11/07,上市,其他電子業,ESVUFR,NA
2313,華通,TW0002313004,1990/07/24,上市,電子零組件業,ESVUFR,NA
2314,台揚,TW0002314002,1990/08/08,上市,通信網路業,ESVUFR,NA
2315,NA,TW0002315009,1990/08/15,上市,電腦及週邊設備業,ESVUFR,NA
2316,楠梓電,TW0002316007,1991/02/05,上市,電子零組件業,ESVUFR,NA
2317,鴻海,TW0002317005,1991/06/18,上市,其他電子業,ESVUFR,NA
2321,東訊,TW0002321007,1991/11/08,上市,通信網路業,ESVUFR,NA
2323,中環,TW0002323003,1992/02/17,上市,光電業,ESVUFR,NA
2324,仁寶,TW0002324001,1992/02/18,上市,電腦及週邊設備業,ESVUFR,NA
2325,NA,TW0002325008,1993/04/07,上市,半導體業,ESVUFR,NA
2327,國巨,TW0002327004,1993/10/28,上市,電子零組件業,ESVUFR,NA
2328,廣宇,TW0002328002,1993/11/09,上市,電子零組件業,ESVUFR,NA
2329,華泰,TW0002329000,1994/04/20,上市,半導體業,ESVUFR,NA
2330,台積電,TW0002330008,1994/09/05,上市,半導體業,ESVUFR,NA
2331,精英,TW0002331006,1994/09/21,上市,電腦及週邊設備業,ESVUFR,NA
2332,友訊,TW0002332004,1994/10/17,上市,通信網路業,ESVUFR,NA
2337,旺宏,TW0002337003,1995/03/15,上市,半導體業,ESVUFR,NA
2338,光罩,TW0002338001,1995/04/17,上市,半導體業,ESVUFR,NA
2340,光磊,TW0002340007,1995/05/02,上市,光電業,ESVUFR,NA
2342,茂矽,TW0002342003,1995/09/19,上市,半導體業,ESVUFR,NA
2344,華邦電,TW0002344009,1995/10/18,上市,半導體業,ESVUFR,NA
2345,智邦,TW0002345006,1995/11/25,上市,通信網路業,ESVUFR,NA
2347,聯強,TW0002347002,1995/12/13,上市,電子通路業,ESVUFR,NA
2348,海悅,TW0002348000,1996/01/05,上市,電子通路業,ESVUFR,NA
2349,錸德,TW0002349008,1996/04/23,上市,光電業,ESVUFR,NA
2351,順德,TW0002351004,1996/04/25,上市,半導體業,ESVUFR,NA
2352,佳世達,TW0002352002,1996/07/22,上市,電腦及週邊設備業,ESVUFR,NA
2353,宏碁,TW0002353000,1996/09/18,上市,電腦及週邊設備業,ESVUFR,NA
2354,鴻準,TW0002354008,1996/10/08,上市,其他電子業,ESVUFR,NA
2355,敬鵬,TW0002355005,1996/10/14,上市,電子零組件業,ESVUFR,NA
2356,英業達,TW0002356003,1996/11/13,上市,電腦及週邊設備業,ESVUFR,NA
2357,華碩,TW0002357001,1996/11/14,上市,電腦及週邊設備業,ESVUFR,NA
2358,廷鑫,TW0002358009,1996/12/18,上市,電腦及週邊設備業,ESVUFR,NA
2359,所羅門,TW0002359007,1996/12/19,上市,電子通路業,ESVUFR,NA
2360,致茂,TW0002360005,1996/12/21,上市,其他電子業,ESVUFR,NA
2361,NA,TW0002361003,1997/01/31,上市,電腦及週邊設備業,ESVUFR,NA
2362,藍天,TW0002362001,1997/04/02,上市,電腦及週邊設備業,ESVUFR,NA
2363,矽統,TW0002363009,1997/08/01,上市,半導體業,ESVUFR,NA
2364,倫飛,TW0002364007,1997/08/11,上市,電腦及週邊設備業,ESVUFR,NA
2365,昆盈,TW0002365004,1997/11/03,上市,電腦及週邊設備業,ESVUFR,NA
2367,燿華,TW0002367000,1997/12/13,上市,電子零組件業,ESVUFR,NA
2368,金像電,TW0002368008,1998/03/09,上市,電子零組件業,ESVUFR,NA
2369,菱生,TW0002369006,1998/04/10,上市,半導體業,ESVUFR,NA
2371,大同,TW0002371002,1962/02/09,上市,其他電子業,ESVUFR,NA
2373,震旦行,TW0002373008,1991/08/01,上市,其他電子業,ESVUFR,NA
2374,佳能,TW0002374006,1995/01/16,上市,光電業,ESVUFR,NA
2375,凱美,TW0002375003,1998/08/29,上市,電子零組件業,ESVUFR,NA
2376,技嘉,TW0002376001,1998/09/24,上市,電腦及週邊設備業,ESVUFR,NA
2377,微星,TW0002377009,1998/10/31,上市,電腦及週邊設備業,ESVUFR,NA
2379,瑞昱,TW0002379005,1998/10/26,上市,半導體業,ESVUFR,NA
2380,虹光,TW0002380003,1998/12/03,上市,電腦及週邊設備業,ESVUFR,NA
2382,廣達,TW0002382009,1999/01/08,上市,電腦及週邊設備業,ESVUFR,NA
2383,台光電,TW0002383007,1998/11/27,上市,電子零組件業,ESVUFR,NA
2384,NA,TW0002384005,1998/12/19,上市,光電業,ESVUFR,NA
2385,群光,TW0002385002,1999/01/05,上市,電腦及週邊設備業,ESVUFR,NA
2387,精元,TW0002387008,1999/01/25,上市,電腦及週邊設備業,ESVUFR,NA
2388,威盛,TW0002388006,1999/03/05,上市,半導體業,ESVUFR,NA
2390,云辰,TW0002390002,1999/06/15,上市,其他電子業,ESVUFR,NA
2392,正崴,TW0002392008,1999/09/20,上市,電子零組件業,ESVUFR,NA
2393,億光,TW0002393006,1999/11/04,上市,光電業,ESVUFR,NA
2395,研華,TW0002395001,1999/12/13,上市,電腦及週邊設備業,ESVUFR,NA
2397,友通,TW0002397007,2000/01/15,上市,電腦及週邊設備業,ESVUFR,NA
2399,映泰,TW0002399003,1999/12/16,上市,電腦及週邊設備業,ESVUFR,NA
2401,凌陽,TW0002401007,2000/01/27,上市,半導體業,ESVUFR,NA
2402,毅嘉,TW0002402005,2000/01/14,上市,通信網路業,ESVUFR,NA
2404,漢唐,TW0002404001,2000/03/14,上市,其他電子業,ESVUFR,NA
2405,浩鑫,TW0002405008,2000/03/17,上市,電腦及週邊設備業,ESVUFR,NA
2406,國碩,TW0002406006,2000/04/29,上市,光電業,ESVUFR,NA
2408,南亞科,TW0002408002,2000/08/17,上市,半導體業,ESVUFR,NA
2409,友達,TW0002409000,2000/09/08,上市,光電業,ESVUFR,NA
2412,中華電,TW0002412004,2000/10/27,上市,通信網路業,ESVUFR,NA
2413,環科,TW0002413002,2000/09/11,上市,電子零組件業,ESVUFR,NA
2414,精技,TW0002414000,2000/09/11,上市,電子通路業,ESVUFR,NA
2415,錩新,TW0002415007,2000/09/11,上市,電子零組件業,ESVUFR,NA
2417,圓剛,TW0002417003,2000/09/11,上市,電腦及週邊設備業,ESVUFR,NA
2419,仲琦,TW0002419009,2000/09/11,上市,通信網路業,ESVUFR,NA
2420,新巨,TW0002420007,2000/09/11,上市,電子零組件業,ESVUFR,NA
2421,建準,TW0002421005,2000/09/11,上市,電子零組件業,ESVUFR,NA
2423,固緯,TW0002423001,2000/09/11,上市,其他電子業,ESVUFR,NA
2424,隴華,TW0002424009,2000/09/11,上市,電腦及週邊設備業,ESVUFR,NA
2425,承啟,TW0002425006,2000/09/11,上市,半導體業,ESVUFR,NA
2426,鼎元,TW0002426004,2000/09/11,上市,光電業,ESVUFR,NA
2427,三商電,TW0002427002,2000/09/11,上市,資訊服務業,ESVUFR,NA
2428,興勤,TW0002428000,2000/09/11,上市,電子零組件業,ESVUFR,NA
2429,銘旺科,TW0002429008,2000/09/11,上市,電子零組件業,ESVUFR,NA
2430,燦坤,TW0002430006,2000/09/11,上市,電子通路業,ESVUFR,NA
2431,聯昌,TW0002431004,2000/09/11,上市,電子零組件業,ESVUFR,NA
2433,互盛電,TW0002433000,2000/09/11,上市,其他電子業,ESVUFR,NA
2434,統懋,TW0002434008,2000/09/11,上市,半導體業,ESVUFR,NA
2436,偉詮電,TW0002436003,2000/09/11,上市,半導體業,ESVUFR,NA
2437,NA,TW0002437001,2000/09/11,上市,電子零組件業,ESVUFR,NA
2438,翔耀,TW0002438009,2000/09/11,上市,電腦及週邊設備業,ESVUFR,NA
2439,美律,TW0002439007,2000/09/11,上市,通信網路業,ESVUFR,NA
2440,太空梭,TW0002440005,2000/11/10,上市,電子零組件業,ESVUFR,NA
2441,超豐,TW0002441003,2000/10/26,上市,半導體業,ESVUFR,NA
2442,新美齊,TW0002442001,2000/11/22,上市,電腦及週邊設備業,ESVUFR,NA
2443,億麗,TW0002443009,2001/01/03,上市,光電業,ESVUFR,NA
2444,兆勁,TW0002444007,2000/12/08,上市,通信網路業,ESVUFR,NA
2448,晶電,TW0002448008,2001/05/25,上市,光電業,ESVUFR,NA
2449,京元電子,TW0002449006,2001/05/09,上市,半導體業,ESVUFR,NA
2450,神腦,TW0002450004,2001/05/24,上市,通信網路業,ESVUFR,NA
2451,創見,TW0002451002,2001/05/03,上市,半導體業,ESVUFR,NA
2453,凌群,TW0002453008,2001/05/22,上市,資訊服務業,ESVUFR,NA
2454,聯發科,TW0002454006,2001/07/23,上市,半導體業,ESVUFR,NA
2455,全新,TW0002455003,2002/01/24,上市,通信網路業,ESVUFR,NA
2456,奇力新,TW0002456001,2001/09/26,上市,電子零組件業,ESVUFR,NA
2457,飛宏,TW0002457009,2001/09/17,上市,電子零組件業,ESVUFR,NA
2458,義隆,TW0002458007,2001/09/17,上市,半導體業,ESVUFR,NA
2459,敦吉,TW0002459005,2001/09/17,上市,電子通路業,ESVUFR,NA
2460,建通,TW0002460003,2001/09/17,上市,電子零組件業,ESVUFR,NA
2461,光群雷,TW0002461001,2001/09/17,上市,其他電子業,ESVUFR,NA
2462,良得電,TW0002462009,2001/09/17,上市,電子零組件業,ESVUFR,NA
2464,盟立,TW0002464005,2001/09/17,上市,其他電子業,ESVUFR,NA
2465,麗臺,TW0002465002,2001/09/17,上市,電腦及週邊設備業,ESVUFR,NA
2466,冠西電,TW0002466000,2001/09/17,上市,光電業,ESVUFR,NA
2467,志聖,TW0002467008,2001/09/17,上市,電子零組件業,ESVUFR,NA
2468,華經,TW0002468006,2001/09/17,上市,資訊服務業,ESVUFR,NA
2471,資通,TW0002471000,2001/09/17,上市,資訊服務業,ESVUFR,NA
2472,立隆電,TW0002472008,2001/09/17,上市,電子零組件業,ESVUFR,NA
2473,NA,TW0002473006,2001/09/17,上市,半導體業,ESVUFR,NA
2474,可成,TW0002474004,2001/09/17,上市,電腦及週邊設備業,ESVUFR,NA
2475,NA,TW0002475001,2001/09/17,上市,光電業,ESVUFR,NA
2476,鉅祥,TW0002476009,2001/09/17,上市,電子零組件業,ESVUFR,NA
2477,美隆電,TW0002477007,2001/09/17,上市,其他電子業,ESVUFR,NA
2478,大毅,TW0002478005,2001/09/17,上市,電子零組件業,ESVUFR,NA
2480,敦陽科,TW0002480001,2001/09/17,上市,資訊服務業,ESVUFR,NA
2481,強茂,TW0002481009,2001/09/17,上市,半導體業,ESVUFR,NA
2482,連宇,TW0002482007,2001/09/17,上市,其他電子業,ESVUFR,NA
2483,百容,TW0002483005,2001/09/17,上市,電子零組件業,ESVUFR,NA
2484,希華,TW0002484003,2001/09/17,上市,電子零組件業,ESVUFR,NA
2485,兆赫,TW0002485000,2001/09/17,上市,通信網路業,ESVUFR,NA
2486,一詮,TW0002486008,2001/09/17,上市,光電業,ESVUFR,NA
2488,漢平,TW0002488004,2001/09/17,上市,其他電子業,ESVUFR,NA
2489,瑞軒,TW0002489002,2001/09/17,上市,光電業,ESVUFR,NA
2491,吉祥全,TW0002491008,2001/09/17,上市,光電業,ESVUFR,NA
2492,華新科,TW0002492006,2001/09/17,上市,電子零組件業,ESVUFR,NA
2493,揚博,TW0002493004,2002/01/23,上市,電子零組件業,ESVUFR,NA
2495,普安,TW0002495009,2002/03/25,上市,其他電子業,ESVUFR,NA
2496,卓越,TW0002496007,2002/03/08,上市,通信網路業,ESVUFR,NA
2497,怡利電,TW0002497005,2002/02/04,上市,其他電子業,ESVUFR,NA
2498,宏達電,TW0002498003,2002/03/26,上市,通信網路業,ESVUFR,NA
2499,東貝,TW0002499001,2002/02/19,上市,光電業,ESVUFR,NA
2501,國建,TW0002501004,1965/03/05,上市,建材營造,ESVUFR,NA
2504,國產,TW0002504008,1978/03/14,上市,建材營造,ESVUFR,NA
2505,國揚,TW0002505005,1979/11/14,上市,建材營造,ESVUFR,NA
2506,太設,TW0002506003,1980/02/02,上市,建材營造,ESVUFR,NA
2509,全坤建,TW0002509007,1988/07/28,上市,建材營造,ESVUFR,NA
2511,太子,TW0002511003,1991/04/24,上市,建材營造,ESVUFR,NA
2514,龍邦,TW0002514007,1992/09/26,上市,其他,ESVUFR,NA
2515,中工,TW0002515004,1993/03/02,上市,建材營造,ESVUFR,NA
2516,新建,TW0002516002,1993/05/25,上市,建材營造,ESVUFR,NA
2520,冠德,TW0002520004,1993/10/27,上市,建材營造,ESVUFR,NA
2524,京城,TW0002524006,1994/10/18,上市,建材營造,ESVUFR,NA
2527,宏璟,TW0002527009,1995/03/06,上市,建材營造,ESVUFR,NA
2528,皇普,TW0002528007,1995/03/10,上市,建材營造,ESVUFR,NA
2530,華建,TW0002530003,1995/10/12,上市,建材營造,ESVUFR,NA
2534,宏盛,TW0002534005,1996/02/12,上市,建材營造,ESVUFR,NA
2535,達欣工,TW0002535002,1996/03/11,上市,建材營造,ESVUFR,NA
2536,宏普,TW0002536000,1996/03/14,上市,建材營造,ESVUFR,NA
2537,聯上發,TW0002537008,1996/09/03,上市,建材營造,ESVUFR,NA
2538,基泰,TW0002538006,1996/11/01,上市,建材營造,ESVUFR,NA
2539,櫻花建,TW0002539004,1997/07/16,上市,建材營造,ESVUFR,NA
2540,愛山林,TW0002540002,1989/12/26,上市,建材營造,ESVUFR,NA
2542,興富發,TW0002542008,1999/05/03,上市,建材營造,ESVUFR,NA
2543,皇昌,TW0002543006,1999/10/15,上市,建材營造,ESVUFR,NA
2545,皇翔,TW0002545001,2000/09/11,上市,建材營造,ESVUFR,NA
2546,根基,TW0002546009,2000/09/11,上市,建材營造,ESVUFR,NA
2547,日勝生,TW0002547007,2000/12/22,上市,建材營造,ESVUFR,NA
2548,華固,TW0002548005,2002/08/26,上市,建材營造,ESVUFR,NA
2597,潤弘,TW0002597002,2010/03/26,上市,建材營造,ESVUFR,NA
2601,益航,TW0002601002,1965/11/04,上市,航運業,ESVUFR,NA
2603,長榮,TW0002603008,1987/09/21,上市,航運業,ESVUFR,NA
2605,新興,TW0002605003,1989/12/08,上市,航運業,ESVUFR,NA
2606,裕民,TW0002606001,1990/12/08,上市,航運業,ESVUFR,NA
2607,榮運,TW0002607009,1990/12/14,上市,航運業,ESVUFR,NA
2608,嘉里大榮,TW0002608007,1990/12/20,上市,航運業,ESVUFR,NA
2609,陽明,TW0002609005,1992/04/20,上市,航運業,ESVUFR,NA
2610,華航,TW0002610003,1993/02/26,上市,航運業,ESVUFR,NA
2611,志信,TW0002611001,1993/10/28,上市,航運業,ESVUFR,NA
2612,中航,TW0002612009,1994/10/20,上市,航運業,ESVUFR,NA
2613,中櫃,TW0002613007,1995/01/20,上市,航運業,ESVUFR,NA
2614,東森,TW0002614005,1995/09/23,上市,航運業,ESVUFR,NA
2615,萬海,TW0002615002,1996/05/16,上市,航運業,ESVUFR,NA
2616,山隆,TW0002616000,1997/11/08,上市,油電燃氣業,ESVUFR,NA
2617,台航,TW0002617008,1998/06/24,上市,航運業,ESVUFR,NA
2618,長榮航,TW0002618006,2001/09/17,上市,航運業,ESVUFR,NA
2630,亞航,NA,NA,NA,NA,NA,NA
2633,台灣高鐵,NA,NA,NA,NA,NA,NA
2634,漢翔,NA,NA,NA,NA,NA,NA
2636,台驊投控,NA,NA,NA,NA,NA,NA
2637,慧洋-KY,KYG9721M1033,2010/12/01,上市,航運業,ESVUFR,NA
2642,宅配通,NA,NA,NA,NA,NA,NA
2701,萬企,TW0002701000,1965/03/22,上市,觀光事業,ESVUFR,NA
2702,華園,TW0002702008,1965/06/01,上市,觀光事業,ESVUFR,NA
2704,國賓,TW0002704004,1982/11/10,上市,觀光事業,ESVUFR,NA
2705,六福,TW0002705001,1988/12/24,上市,觀光事業,ESVUFR,NA
2706,第一店,TW0002706009,1991/06/25,上市,觀光事業,ESVUFR,NA
2707,晶華,TW0002707007,1998/03/09,上市,觀光事業,ESVUFR,NA
2712,遠雄來,NA,NA,NA,NA,NA,NA
2722,夏都,TW0002722006,2012/03/14,上市,觀光事業,ESVUFR,NA
2723,美食-KY,KYG4002A1004,2010/11/22,上市,觀光事業,ESVUFR,NA
2727,王品,TW0002727005,2012/03/06,上市,觀光事業,ESVUFR,NA
2731,雄獅,NA,NA,NA,NA,NA,NA
2739,寒舍,NA,NA,NA,NA,NA,NA
2748,雲品,NA,NA,NA,NA,NA,NA
2801,彰銀,TW0002801008,1962/02/09,上市,金融保險,ESVUFR,NA
2809,京城銀,TW0002809001,1983/07/20,上市,金融保險,ESVUFR,NA
2812,台中銀,TW0002812005,1984/05/15,上市,金融保險,ESVUFR,NA
2816,旺旺保,TW0002816006,1992/05/05,上市,金融保險,ESVUFR,NA
2820,華票,TW0002820008,1994/10/26,上市,金融保險,ESVUFR,NA
2823,中壽,TW0002823002,1995/02/08,上市,金融保險,ESVUFR,NA
2832,台產,TW0002832003,1997/09/30,上市,金融保險,ESVUFR,NA
2833,NA,TW0002833001,1997/10/13,上市,金融保險,ESVUFR,NA
2834,臺企銀,TW0002834009,1998/01/03,上市,金融保險,ESVUFR,NA
2836,高雄銀,TW0002836004,1998/05/18,上市,金融保險,ESVUFR,NA
2837,NA,TW0002837002,1998/06/29,上市,金融保險,ESVUFR,NA
2838,聯邦銀,TW0002838000,1998/06/29,上市,金融保險,ESVUFR,NA
2841,台開,TW0002841004,1999/01/08,上市,建材營造,ESVUFR,NA
2845,遠東銀,TW0002845005,1998/11/27,上市,金融保險,ESVUFR,NA
2847,NA,TW0002847001,1999/02/04,上市,金融保險,ESVUFR,NA
2849,安泰銀,TW0002849007,1999/09/27,上市,金融保險,ESVUFR,NA
2850,新產,TW0002850005,2000/05/22,上市,金融保險,ESVUFR,NA
2851,中再保,TW0002851003,2000/07/06,上市,金融保險,ESVUFR,NA
2852,第一保,TW0002852001,2000/11/28,上市,金融保險,ESVUFR,NA
2855,統一證,TW0002855004,2002/09/16,上市,金融保險,ESVUFR,NA
2856,NA,TW0002856002,2002/09/16,上市,金融保險,ESVUFR,NA
2867,三商壽,NA,NA,NA,NA,NA,NA
2880,華南金,TW0002880002,2001/12/19,上市,金融保險,ESVUFR,NA
2881,富邦金,TW0002881000,2001/12/19,上市,金融保險,ESVUFR,NA
2882,國泰金,TW0002882008,2001/12/31,上市,金融保險,ESVUFR,NA
2883,開發金,TW0002883006,2001/12/28,上市,金融保險,ESVUFR,NA
2884,玉山金,TW0002884004,2002/01/28,上市,金融保險,ESVUFR,NA
2885,元大金,TW0002885001,2002/02/04,上市,金融保險,ESVUFR,NA
2886,兆豐金,TW0002886009,2002/02/04,上市,金融保險,ESVUFR,NA
2887,台新金,TW0002887007,2002/02/18,上市,金融保險,ESVUFR,NA
2887E,台新戊特,NA,NA,NA,NA,NA,NA
2887F,台新戊特二,NA,NA,NA,NA,NA,NA
2888,新光金,TW0002888005,2002/02/19,上市,金融保險,ESVUFR,NA
2889,國票金,TW0002889003,2002/03/26,上市,金融保險,ESVUFR,NA
2890,永豐金,TW0002890001,2002/05/09,上市,金融保險,ESVUFR,NA
2891,中信金,TW0002891009,2002/05/17,上市,金融保險,ESVUFR,NA
2891C,中信金丙特,NA,NA,NA,NA,NA,NA
2892,第一金,TW0002892007,2003/01/02,上市,金融保險,ESVUFR,NA
2897,王道銀行,NA,NA,NA,NA,NA,NA
2901,欣欣,TW0002901006,1976/05/07,上市,貿易百貨,ESVUFR,NA
2903,遠百,TW0002903002,1978/10/11,上市,貿易百貨,ESVUFR,NA
2904,匯僑,TW0002904000,1983/01/05,上市,其他,ESVUFR,NA
2905,三商,TW0002905007,1988/09/19,上市,貿易百貨,ESVUFR,NA
2906,高林,TW0002906005,1989/12/26,上市,貿易百貨,ESVUFR,NA
2908,特力,TW0002908001,1993/02/18,上市,貿易百貨,ESVUFR,NA
2910,統領,TW0002910007,1996/12/30,上市,貿易百貨,ESVUFR,NA
2911,麗嬰房,TW0002911005,1997/01/18,上市,貿易百貨,ESVUFR,NA
2912,統一超,TW0002912003,1997/08/22,上市,貿易百貨,ESVUFR,NA
2913,農林,TW0002913001,1962/02/09,上市,貿易百貨,ESVUFR,NA
2915,潤泰全,TW0002915006,1977/07/20,上市,貿易百貨,ESVUFR,NA
2923,鼎固-KY,NA,NA,NA,NA,NA,NA
2929,淘帝-KY,NA,NA,NA,NA,NA,NA
2936,客思達-KY,NA,NA,NA,NA,NA,NA
2939,凱羿-KY,NA,NA,NA,NA,NA,NA
3002,歐格,TW0003002002,2002/01/23,上市,電腦及週邊設備業,ESVUFR,NA
3003,健和興,TW0003003000,2002/02/19,上市,電子零組件業,ESVUFR,NA
3004,豐達科,TW0003004008,2002/02/25,上市,鋼鐵工業,ESVUFR,NA
3005,神基,TW0003005005,2002/02/25,上市,電腦及週邊設備業,ESVUFR,NA
3006,晶豪科,TW0003006003,2002/03/04,上市,半導體業,ESVUFR,NA
3008,大立光,TW0003008009,2002/03/11,上市,光電業,ESVUFR,NA
3010,華立,TW0003010005,2002/07/22,上市,電子通路業,ESVUFR,NA
3011,今皓,TW0003011003,2002/07/22,上市,電子零組件業,ESVUFR,NA
3013,晟銘電,TW0003013009,2002/09/16,上市,電腦及週邊設備業,ESVUFR,NA
3014,聯陽,TW0003014007,2002/10/29,上市,半導體業,ESVUFR,NA
3015,全漢,TW0003015004,2002/10/16,上市,電子零組件業,ESVUFR,NA
3016,嘉晶,TW0003016002,2002/12/24,上市,半導體業,ESVUFR,NA
3017,奇鋐,TW0003017000,2002/09/27,上市,電腦及週邊設備業,ESVUFR,NA
3018,同開,TW0003018008,2002/08/26,上市,其他電子業,ESVUFR,NA
3019,亞光,TW0003019006,2002/08/26,上市,光電業,ESVUFR,NA
3021,鴻名,TW0003021002,2002/08/26,上市,資訊服務業,ESVUFR,NA
3022,威強電,TW0003022000,2002/08/26,上市,電腦及週邊設備業,ESVUFR,NA
3023,信邦,TW0003023008,2002/08/26,上市,電子零組件業,ESVUFR,NA
3024,憶聲,TW0003024006,2002/08/26,上市,光電業,ESVUFR,NA
3025,星通,TW0003025003,2002/08/26,上市,通信網路業,ESVUFR,NA
3026,禾伸堂,TW0003026001,2002/08/26,上市,電子零組件業,ESVUFR,NA
3027,盛達,TW0003027009,2002/08/26,上市,通信網路業,ESVUFR,NA
3028,增你強,TW0003028007,2002/08/26,上市,電子通路業,ESVUFR,NA
3029,零壹,TW0003029005,2002/08/26,上市,資訊服務業,ESVUFR,NA
3030,德律,TW0003030003,2002/10/29,上市,其他電子業,ESVUFR,NA
3031,佰鴻,TW0003031001,2002/08/26,上市,光電業,ESVUFR,NA
3032,偉訓,TW0003032009,2002/08/26,上市,電子零組件業,ESVUFR,NA
3033,威健,TW0003033007,2002/08/26,上市,電子通路業,ESVUFR,NA
3034,聯詠,TW0003034005,2002/08/26,上市,半導體業,ESVUFR,NA
3035,智原,TW0003035002,2002/08/26,上市,半導體業,ESVUFR,NA
3036,文曄,TW0003036000,2002/08/26,上市,電子通路業,ESVUFR,NA
3037,欣興,TW0003037008,2002/08/26,上市,電子零組件業,ESVUFR,NA
3038,全台,TW0003038006,2002/08/26,上市,光電業,ESVUFR,NA
3040,遠見,TW0003040002,2002/08/26,上市,電子通路業,ESVUFR,NA
3041,揚智,TW0003041000,2002/08/26,上市,半導體業,ESVUFR,NA
3042,晶技,TW0003042008,2002/08/26,上市,電子零組件業,ESVUFR,NA
3043,科風,TW0003043006,2002/08/26,上市,其他電子業,ESVUFR,NA
3044,健鼎,TW0003044004,2002/08/26,上市,電子零組件業,ESVUFR,NA
3045,台灣大,TW0003045001,2002/08/26,上市,通信網路業,ESVUFR,NA
3046,建碁,TW0003046009,2002/08/26,上市,電腦及週邊設備業,ESVUFR,NA
3047,訊舟,TW0003047007,2002/08/26,上市,通信網路業,ESVUFR,NA
3048,益登,TW0003048005,2002/10/01,上市,電子通路業,ESVUFR,NA
3049,和鑫,TW0003049003,2002/09/27,上市,光電業,ESVUFR,NA
3050,鈺德,TW0003050001,2002/10/29,上市,光電業,ESVUFR,NA
3051,力特,TW0003051009,2002/10/29,上市,光電業,ESVUFR,NA
3052,夆典,TW0003052007,1995/11/25,上市,其他電子業,ESVUFR,NA
3054,立萬利,TW0003054003,2002/11/18,上市,半導體業,ESVUFR,NA
3055,蔚華科,TW0003055000,2002/12/12,上市,電子通路業,ESVUFR,NA
3056,總太,TW0003056008,2011/09/14,上市,建材營造,ESVUFR,NA
3057,喬鼎,TW0003057006,2002/12/18,上市,電腦及週邊設備業,ESVUFR,NA
3058,立德,TW0003058004,2002/12/09,上市,電子零組件業,ESVUFR,NA
3059,華晶科,TW0003059002,2002/12/24,上市,光電業,ESVUFR,NA
3060,銘異,TW0003060000,2003/04/21,上市,電腦及週邊設備業,ESVUFR,NA
3061,NA,TW0003061008,2003/04/11,上市,光電業,ESVUFR,NA
3062,建漢,TW0003062006,2003/07/28,上市,通信網路業,ESVUFR,NA
3080,NA,TW0003080008,2008/06/02,上市,光電業,ESVUFR,NA
3090,日電貿,TW0003090007,2007/12/31,上市,電子零組件業,ESVUFR,NA
3094,聯傑,TW0003094009,2007/08/06,上市,半導體業,ESVUFR,NA
3130,一零四,TW0003130001,2006/02/17,上市,資訊服務業,ESVUFR,NA
3149,正達,TW0003149001,2011/11/23,上市,光電業,ESVUFR,NA
3164,景岳,TW0003164000,2010/03/22,上市,生技醫療業,ESVUFR,NA
3167,大量,NA,NA,NA,NA,NA,NA
3189,景碩,TW0003189007,2004/11/01,上市,半導體業,ESVUFR,NA
3209,全科,TW0003209003,2008/11/26,上市,電子通路業,ESVUFR,NA
3229,晟鈦,TW0003229001,2009/12/31,上市,電子零組件業,ESVUFR,NA
3231,緯創,TW0003231007,2003/08/19,上市,電腦及週邊設備業,ESVUFR,NA
3257,虹冠電,TW0003257002,2011/03/21,上市,半導體業,ESVUFR,NA
3266,昇陽,NA,NA,NA,NA,NA,NA
3296,勝德,TW0003296000,2007/12/31,上市,電子零組件業,ESVUFR,NA
3305,昇貿,TW0003305009,2008/07/10,上市,其他電子業,ESVUFR,NA
3308,聯德,TW0003308003,2008/03/12,上市,電子零組件業,ESVUFR,NA
3311,閎暉,TW0003311007,2004/03/08,上市,通信網路業,ESVUFR,NA
3312,弘憶股,TW0003312005,2010/12/29,上市,電子通路業,ESVUFR,NA
3315,NA,TW0003315008,2006/10/26,上市,電子通路業,ESVUFR,NA
3321,同泰,NA,NA,NA,NA,NA,NA
3338,泰碩,NA,NA,NA,NA,NA,NA
3346,麗清,NA,NA,NA,NA,NA,NA
3356,奇偶,TW0003356002,2005/03/28,上市,光電業,ESVUFR,NA
3376,新日興,TW0003376000,2007/12/31,上市,電子零組件業,ESVUFR,NA
3380,明泰,TW0003380002,2004/12/20,上市,通信網路業,ESVUFR,NA
3383,新世紀,TW0003383006,2007/12/10,上市,光電業,ESVUFR,NA
3406,玉晶光,TW0003406005,2005/12/20,上市,光電業,ESVUFR,NA
3413,京鼎,NA,NA,NA,NA,NA,NA
3416,融程電,NA,NA,NA,NA,NA,NA
3419,譁裕,TW0003419008,2008/01/21,上市,通信網路業,ESVUFR,NA
3432,台端,TW0003432001,2010/12/30,上市,電子零組件業,ESVUFR,NA
3437,榮創,NA,NA,NA,NA,NA,NA
3443,創意,TW0003443008,2006/11/03,上市,半導體業,ESVUFR,NA
3450,聯鈞,TW0003450003,2006/04/12,上市,其他電子業,ESVUFR,NA
3454,晶睿,TW0003454005,2011/07/22,上市,光電業,ESVUFR,NA
3474,NA,TW0003474003,2006/03/17,上市,半導體業,ESVUFR,NA
3481,群創,TW0003481008,2006/10/24,上市,光電業,ESVUFR,NA
3494,誠研,TW0003494001,2007/12/13,上市,電腦及週邊設備業,ESVUFR,NA
3501,維熹,TW0003501003,2007/09/20,上市,電子零組件業,ESVUFR,NA
3504,揚明光,TW0003504007,2007/01/26,上市,光電業,ESVUFR,NA
3514,NA,TW0003514006,2007/11/02,上市,光電業,ESVUFR,NA
3515,華擎,TW0003515003,2007/11/08,上市,電腦及週邊設備業,ESVUFR,NA
3518,柏騰,TW0003518007,2007/11/28,上市,其他電子業,ESVUFR,NA
3519,NA,TW0003519005,2008/01/25,上市,半導體業,ESVUFR,NA
3528,安馳,NA,NA,NA,NA,NA,NA
3530,晶相光,NA,NA,NA,NA,NA,NA
3532,台勝科,TW0003532008,2007/12/10,上市,半導體業,ESVUFR,NA
3533,嘉澤,TW0003533006,2007/12/10,上市,電子零組件業,ESVUFR,NA
3535,晶彩科,TW0003535001,2008/01/31,上市,光電業,ESVUFR,NA
3536,誠創,TW0003536009,2008/04/30,上市,光電業,ESVUFR,NA
3545,敦泰,TW0003545000,2007/07/03,上市,半導體業,ESVUFR,NA
3550,聯穎,TW0003550000,2010/11/10,上市,電子零組件業,ESVUFR,NA
3557,嘉威,TW0003557005,2008/02/27,上市,光電業,ESVUFR,NA
3559,NA,TW0003559001,2008/10/23,上市,半導體業,ESVUFR,NA
3561,NA,TW0003561007,2008/12/05,上市,光電業,ESVUFR,NA
3563,牧德,NA,NA,NA,NA,NA,NA
3573,NA,TW0003573002,2009/08/26,上市,光電業,ESVUFR,NA
3576,聯合再生,TW0003576005,2009/01/12,上市,光電業,ESVUFR,NA
3579,NA,TW0003579009,2009/12/23,上市,半導體業,ESVUFR,NA
3583,辛耘,NA,NA,NA,NA,NA,NA
3584,NA,TW0003584009,2010/07/27,上市,光電業,ESVUFR,NA
3588,通嘉,TW0003588000,2009/08/14,上市,半導體業,ESVUFR,NA
3591,艾笛森,TW0003591004,2010/11/12,上市,光電業,ESVUFR,NA
3593,力銘,TW0003593000,2009/03/16,上市,光電業,ESVUFR,NA
3596,智易,TW0003596003,2009/03/11,上市,通信網路業,ESVUFR,NA
3598,NA,TW0003598009,2011/01/11,上市,半導體業,ESVUFR,NA
3605,宏致,TW0003605002,2009/03/26,上市,電子零組件業,ESVUFR,NA
3607,谷崧,TW0003607008,2009/10/28,上市,電子零組件業,ESVUFR,NA
3617,碩天,TW0003617007,2009/12/23,上市,其他電子業,ESVUFR,NA
3622,洋華,TW0003622007,2009/03/25,上市,光電業,ESVUFR,NA
3638,NA,KYG479511019,2010/05/18,上市,半導體業,ESVTFR,NA
3645,達邁,TW0003645008,2011/10/05,上市,電子零組件業,ESVUFR,NA
3653,健策,TW0003653002,2009/11/18,上市,電子零組件業,ESVUFR,NA
3661,世芯-KY,NA,NA,NA,NA,NA,NA
3665,貿聯-KY,KYG114741062,2011/04/21,上市,其他電子業,ESVUFR,NA
3669,圓展,TW0003669008,2011/08/25,上市,光電業,ESVUFR,NA
3673,TPK-KY,KYG898431096,2010/10/29,上市,光電業,ESVTFR,NA
3679,新至陞,TW0003679007,2011/10/05,上市,電子零組件業,ESVUFR,NA
3682,亞太電,NA,NA,NA,NA,NA,NA
3686,達能,TW0003686002,2010/07/20,上市,半導體業,ESVUFR,NA
3694,海華,TW0003694006,2011/05/03,上市,通信網路業,ESVUFR,NA
3697,NA,KYG6320A1004,2010/12/24,上市,半導體業,ESVUFR,NA
3698,隆達,TW0003698007,2011/09/29,上市,光電業,ESVUFR,NA
3701,大眾控,TW0003701009,2004/08/30,上市,電腦及週邊設備業,ESVUFR,NA
3702,大聯大,TW0003702007,2005/11/09,上市,電子通路業,ESVUFR,NA
3703,欣陸,TW0003703005,2010/04/08,上市,建材營造,ESVUFR,NA
3704,合勤控,TW0003704003,2010/08/16,上市,通信網路業,ESVUFR,NA
3705,永信,TW0003705000,2011/01/03,上市,生技醫療業,ESVUFR,NA
3706,神達,NA,NA,NA,NA,NA,NA
3708,上緯投控,NA,NA,NA,NA,NA,NA
3711,日月光投控,NA,NA,NA,NA,NA,NA
3712,永崴投控,NA,NA,NA,NA,NA,NA
4104,佳醫,TW0004104005,2007/12/31,上市,生技醫療業,ESVUFR,NA
4106,雃博,TW0004106000,2004/11/08,上市,生技醫療業,ESVUFR,NA
4108,懷特,TW0004108006,2008/07/16,上市,生技醫療業,ESVUFR,NA
4119,旭富,TW0004119003,2004/01/07,上市,生技醫療業,ESVUFR,NA
4133,亞諾法,TW0004133004,2009/12/28,上市,生技醫療業,ESVUFR,NA
4137,麗豐-KY,NA,NA,NA,NA,NA,NA
4141,龍燈-KY,NA,NA,NA,NA,NA,NA
4142,國光生,NA,NA,NA,NA,NA,NA
4144,康聯-KY,KYG2379A1094,2011/10/05,上市,生技醫療業,ESVUFR,NA
4148,全宇生技-KY,NA,NA,NA,NA,NA,NA
4155,訊映,NA,NA,NA,NA,NA,NA
4164,承業醫,NA,NA,NA,NA,NA,NA
4190,佐登-KY,NA,NA,NA,NA,NA,NA
4306,炎洲,TW0004306006,2008/01/21,上市,塑膠工業,ESVUFR,NA
4414,如興,TW0004414008,2004/09/06,上市,紡織纖維,ESVUFR,NA
4426,利勤,TW0004426002,2011/12/16,上市,紡織纖維,ESVUFR,NA
4438,廣越,NA,NA,NA,NA,NA,NA
4439,冠星-KY,NA,NA,NA,NA,NA,NA
4526,東台,TW0004526009,2003/09/15,上市,電機機械,ESVUFR,NA
4532,瑞智,TW0004532007,2003/08/04,上市,電機機械,ESVUFR,NA
4536,拓凱,NA,NA,NA,NA,NA,NA
4540,全球傳動,NA,NA,NA,NA,NA,NA
4545,銘鈺,NA,NA,NA,NA,NA,NA
4551,智伸科,NA,NA,NA,NA,NA,NA
4552,力達-KY,NA,NA,NA,NA,NA,NA
4555,氣立,NA,NA,NA,NA,NA,NA
4557,永新-KY,NA,NA,NA,NA,NA,NA
4560,強信-KY,NA,NA,NA,NA,NA,NA
4562,穎漢,NA,NA,NA,NA,NA,NA
4564,元翎,NA,NA,NA,NA,NA,NA
4566,時碩工業,NA,NA,NA,NA,NA,NA
4571,鈞興-KY,NA,NA,NA,NA,NA,NA
4572,駐龍,NA,NA,NA,NA,NA,NA
4576,大銀微系統,NA,NA,NA,NA,NA,NA
4581,光隆精密-KY,NA,NA,NA,NA,NA,NA
4720,德淵,NA,NA,NA,NA,NA,NA
4722,國精化,NA,NA,NA,NA,NA,NA
4725,信昌化,TW0004725007,2007/10/02,上市,化學工業,ESVUFR,NA
4733,NA,TW0004733001,2010/12/30,上市,化學工業,ESVUFR,NA
4737,華廣,TW0004737002,2010/12/23,上市,生技醫療業,ESVUFR,NA
4739,康普,NA,NA,NA,NA,NA,NA
4746,台耀,TW0004746003,2011/03/01,上市,生技醫療業,ESVUFR,NA
4755,三福化,NA,NA,NA,NA,NA,NA
4763,材料-KY,NA,NA,NA,NA,NA,NA
4764,雙鍵,NA,NA,NA,NA,NA,NA
4766,南寶,NA,NA,NA,NA,NA,NA
4807,日成-KY,NA,NA,NA,NA,NA,NA
4904,遠傳,TW0004904008,2005/08/24,上市,通信網路業,ESVUFR,NA
4906,正文,TW0004906003,2003/06/30,上市,通信網路業,ESVUFR,NA
4912,聯德控股-KY,NA,NA,NA,NA,NA,NA
4915,致伸,NA,NA,NA,NA,NA,NA
4916,事欣科,NA,NA,NA,NA,NA,NA
4919,新唐,TW0004919006,2010/09/27,上市,半導體業,ESVUFR,NA
4927,泰鼎-KY,NA,NA,NA,NA,NA,NA
4930,燦星網,TW0004930003,2010/06/21,上市,電器電纜,ESVUFR,NA
4934,太極,TW0004934005,2010/03/10,上市,光電業,ESVUFR,NA
4935,茂林-KY,KYG3931M1024,2011/07/28,上市,光電業,ESVUFR,NA
4938,和碩,TW0004938006,2010/06/24,上市,電腦及週邊設備業,ESVUFR,NA
4942,嘉彰,TW0004942008,2011/06/27,上市,光電業,ESVUFR,NA
4943,康控-KY,NA,NA,NA,NA,NA,NA
4952,凌通,TW0004952007,2011/11/01,上市,半導體業,ESVUFR,NA
4956,光鋐,TW0004956008,2011/10/24,上市,光電業,ESVUFR,NA
4958,臻鼎-KY,KYG989221000,2011/12/26,上市,電子零組件業,ESVUFR,NA
4960,誠美材,TW0004960000,2011/10/24,上市,光電業,ESVUFR,NA
4961,天鈺,NA,NA,NA,NA,NA,NA
4967,十銓,NA,NA,NA,NA,NA,NA
4968,立積,NA,NA,NA,NA,NA,NA
4976,佳凌,NA,NA,NA,NA,NA,NA
4977,眾達-KY,NA,NA,NA,NA,NA,NA
4984,NA,KYG190621014,2011/08/31,上市,通信網路業,ESVUFR,NA
4989,榮科,NA,NA,NA,NA,NA,NA
4994,傳奇,NA,NA,NA,NA,NA,NA
4999,鑫禾,NA,NA,NA,NA,NA,NA
5007,三星,TW0005007009,2011/09/16,上市,鋼鐵工業,ESVUFR,NA
5203,訊連,TW0005203004,2004/09/27,上市,資訊服務業,ESVUFR,NA
5215,科嘉-KY,KYG530791022,2011/12/26,上市,電腦及週邊設備業,ESVUFR,NA
5225,東科-KY,NA,NA,NA,NA,NA,NA
5234,達興材料,NA,NA,NA,NA,NA,NA
5243,乙盛-KY,NA,NA,NA,NA,NA,NA
5258,虹堡,NA,NA,NA,NA,NA,NA
5264,鎧勝-KY,NA,NA,NA,NA,NA,NA
5269,祥碩,NA,NA,NA,NA,NA,NA
5283,禾聯碩,NA,NA,NA,NA,NA,NA
5284,jpp-KY,NA,NA,NA,NA,NA,NA
5285,界霖,NA,NA,NA,NA,NA,NA
5288,豐祥-KY,NA,NA,NA,NA,NA,NA
5305,敦南,TW0005305007,2004/07/19,上市,半導體業,ESVUFR,NA
5388,中磊,TW0005388003,2007/12/03,上市,通信網路業,ESVUFR,NA
5434,崇越,TW0005434005,2003/08/25,上市,電子通路業,ESVUFR,NA
5469,瀚宇博,TW0005469001,2003/08/25,上市,電子零組件業,ESVUFR,NA
5471,松翰,TW0005471007,2003/08/25,上市,半導體業,ESVUFR,NA
5484,慧友,TW0005484000,2003/08/25,上市,光電業,ESVUFR,NA
5515,建國,TW0005515001,2003/10/06,上市,建材營造,ESVUFR,NA
5519,隆大,NA,NA,NA,NA,NA,NA
5521,工信,NA,NA,NA,NA,NA,NA
5522,遠雄,TW0005522007,2007/08/06,上市,建材營造,ESVUFR,NA
5525,順天,TW0005525000,2004/11/26,上市,建材營造,ESVUFR,NA
5531,鄉林,TW0005531008,2005/01/31,上市,建材營造,ESVUFR,NA
5533,皇鼎,TW0005533004,2008/04/30,上市,建材營造,ESVUFR,NA
5534,長虹,TW0005534002,2004/05/24,上市,建材營造,ESVUFR,NA
5538,東明-KY,NA,NA,NA,NA,NA,NA
5607,遠雄港,TW0005607006,2004/12/02,上市,航運業,ESVUFR,NA
5608,四維航,TW0005608004,2003/08/25,上市,航運業,ESVUFR,NA
5706,鳳凰,TW0005706006,2011/10/21,上市,觀光事業,ESVUFR,NA
5871,中租-KY,KYG202881093,2011/12/13,上市,其他,ESVUFR,NA
5876,上海商銀,NA,NA,NA,NA,NA,NA
5880,合庫金,TW0005880009,2011/12/01,上市,金融保險,ESVUFR,NA
5906,台南-KY,KYG8661M1078,2011/10/24,上市,貿易百貨,ESVUFR,NA
5907,大洋-KY,NA,NA,NA,NA,NA,NA
6005,群益證,TW0006005002,2005/11/21,上市,金融保險,ESVUFR,NA
6024,群益期,NA,NA,NA,NA,NA,NA
6108,競國,TW0006108004,2008/12/30,上市,電子零組件業,ESVUFR,NA
6112,聚碩,TW0006112006,2003/08/04,上市,資訊服務業,ESVUFR,NA
6115,鎰勝,TW0006115009,2004/07/19,上市,電子零組件業,ESVUFR,NA
6116,彩晶,TW0006116007,2004/09/06,上市,光電業,ESVUFR,NA
6117,迎廣,TW0006117005,2003/08/25,上市,電腦及週邊設備業,ESVUFR,NA
6120,達運,TW0006120009,2006/09/13,上市,光電業,ESVUFR,NA
6128,上福,TW0006128002,2003/06/16,上市,電腦及週邊設備業,ESVUFR,NA
6131,鈞泰,TW0006131006,2004/09/27,上市,光電業,ESVUFR,NA
6133,金橋,TW0006133002,2003/08/25,上市,電子零組件業,ESVUFR,NA
6136,富爾特,TW0006136005,2003/08/25,上市,通信網路業,ESVUFR,NA
6139,亞翔,TW0006139009,2003/08/25,上市,其他電子業,ESVUFR,NA
6141,柏承,TW0006141005,2003/10/22,上市,電子零組件業,ESVUFR,NA
6142,友勁,TW0006142003,2003/08/04,上市,通信網路業,ESVUFR,NA
6145,NA,TW0006145006,2003/08/25,上市,半導體業,ESVUFR,NA
6152,百一,TW0006152002,2009/12/08,上市,通信網路業,ESVUFR,NA
6153,嘉聯益,TW0006153000,2008/01/21,上市,電子零組件業,ESVUFR,NA
6155,鈞寶,TW0006155005,2006/08/18,上市,電子零組件業,ESVUFR,NA
6164,華興,TW0006164007,2008/10/21,上市,光電業,ESVUFR,NA
6165,捷泰,TW0006165004,2003/08/04,上市,電子零組件業,ESVUFR,NA
6166,凌華,TW0006166002,2004/11/08,上市,電腦及週邊設備業,ESVUFR,NA
6168,宏齊,TW0006168008,2003/08/25,上市,光電業,ESVUFR,NA
6172,互億,TW0006172000,2004/05/24,上市,電腦及週邊設備業,ESVUFR,NA
6176,瑞儀,TW0006176001,2007/05/15,上市,光電業,ESVUFR,NA
6177,達麗,NA,NA,NA,NA,NA,NA
6183,關貿,TW0006183007,2011/12/01,上市,資訊服務業,ESVUFR,NA
6184,大豐電,TW0006184005,2005/02/15,上市,其他,ESVUFR,NA
6189,豐藝,TW0006189004,2004/05/24,上市,電子通路業,ESVUFR,NA
6191,精成科,TW0006191000,2007/10/19,上市,電子零組件業,ESVUFR,NA
6192,巨路,TW0006192008,2004/09/27,上市,其他電子業,ESVUFR,NA
6196,帆宣,TW0006196009,2004/05/24,上市,其他電子業,ESVUFR,NA
6197,佳必琪,TW0006197007,2004/11/08,上市,其他電子業,ESVUFR,NA
6201,亞弘電,TW0006201007,2004/09/27,上市,其他電子業,ESVUFR,NA
6202,盛群,TW0006202005,2004/09/27,上市,半導體業,ESVUFR,NA
6203,NA,TW0000062033,2011/05/12,上市,,EUOGSR,NA
6204,NA,TW0000062041,2011/09/28,上市,,EUXXSR,NA
6205,詮欣,TW0006205008,2008/01/21,上市,電子零組件業,ESVUFR,NA
6206,飛捷,TW0006206006,2004/08/03,上市,電腦及週邊設備業,ESVUFR,NA
6209,今國光,TW0006209000,2004/11/08,上市,光電業,ESVUFR,NA
6213,聯茂,TW0006213002,2008/01/21,上市,電子零組件業,ESVUFR,NA
6214,精誠,TW0006214000,2010/12/30,上市,資訊服務業,ESVUFR,NA
6215,和椿,TW0006215007,2007/12/31,上市,其他電子業,ESVUFR,NA
6216,居易,TW0006216005,2004/09/27,上市,通信網路業,ESVUFR,NA
6224,聚鼎,TW0006224009,2009/09/17,上市,電子零組件業,ESVUFR,NA
6225,天瀚,TW0006225006,2004/09/27,上市,光電業,ESVUFR,NA
6226,光鼎,TW0006226004,2008/11/10,上市,光電業,ESVUFR,NA
6230,超眾,TW0006230006,2010/09/16,上市,電腦及週邊設備業,ESVUFR,NA
6235,華孚,TW0006235005,2004/08/23,上市,電腦及週邊設備業,ESVUFR,NA
6239,力成,TW0006239007,2004/11/08,上市,半導體業,ESVUFR,NA
6243,迅杰,TW0006243009,2009/12/17,上市,半導體業,ESVUFR,NA
6251,定穎,TW0006251002,2009/03/18,上市,電子零組件業,ESVUFR,NA
6257,矽格,TW0006257009,2003/08/25,上市,半導體業,ESVUFR,NA
6269,台郡,TW0006269004,2003/09/23,上市,電子零組件業,ESVUFR,NA
6271,同欣電,TW0006271000,2007/11/16,上市,半導體業,ESVUFR,NA
6277,宏正,TW0006277007,2003/10/30,上市,電腦及週邊設備業,ESVUFR,NA
6278,台表科,TW0006278005,2010/08/24,上市,光電業,ESVUFR,NA
6281,全國電,TW0006281009,2005/12/08,上市,電子通路業,ESVUFR,NA
6282,康舒,TW0006282007,2003/09/08,上市,電子零組件業,ESVUFR,NA
6283,淳安,TW0006283005,2008/01/21,上市,通信網路業,ESVUFR,NA
6285,啟碁,TW0006285000,2003/09/22,上市,通信網路業,ESVUFR,NA
6286,NA,TW0006286008,2003/10/21,上市,半導體業,ESVUFR,NA
6288,聯嘉,NA,NA,NA,NA,NA,NA
6289,華上,TW0006289002,2003/08/28,上市,光電業,ESVUFR,NA
6405,悅城,NA,NA,NA,NA,NA,NA
6409,旭隼,NA,NA,NA,NA,NA,NA
6412,群電,NA,NA,NA,NA,NA,NA
6414,樺漢,NA,NA,NA,NA,NA,NA
6415,矽力-KY,NA,NA,NA,NA,NA,NA
6416,瑞祺電通,NA,NA,NA,NA,NA,NA
6431,光麗-KY,NA,NA,NA,NA,NA,NA
6442,光聖,NA,NA,NA,NA,NA,NA
6443,元晶,NA,NA,NA,NA,NA,NA
6449,鈺邦,NA,NA,NA,NA,NA,NA
6451,訊芯-KY,NA,NA,NA,NA,NA,NA
6452,康友-KY,NA,NA,NA,NA,NA,NA
6456,GIS-KY,NA,NA,NA,NA,NA,NA
6464,台數科,NA,NA,NA,NA,NA,NA
6477,安集,NA,NA,NA,NA,NA,NA
6491,晶碩,NA,NA,NA,NA,NA,NA
6504,南六,NA,NA,NA,NA,NA,NA
6505,台塑化,TW0006505001,2003/12/26,上市,油電燃氣業,ESVUFR,NA
6525,捷敏-KY,NA,NA,NA,NA,NA,NA
6531,愛普,NA,NA,NA,NA,NA,NA
6533,晶心科,NA,NA,NA,NA,NA,NA
6541,泰福-KY,NA,NA,NA,NA,NA,NA
6552,易華電,NA,NA,NA,NA,NA,NA
6558,興能高,NA,NA,NA,NA,NA,NA
6573,虹揚-KY,NA,NA,NA,NA,NA,NA
6579,研揚,NA,NA,NA,NA,NA,NA
6581,鋼聯,NA,NA,NA,NA,NA,NA
6582,申豐,NA,NA,NA,NA,NA,NA
6591,動力-KY,NA,NA,NA,NA,NA,NA
6592,和潤企業,NA,NA,NA,NA,NA,NA
6605,帝寶,TW0006605009,2004/03/17,上市,電機機械,ESVUFR,NA
6625,必應,NA,NA,NA,NA,NA,NA
6641,基士德-KY,NA,NA,NA,NA,NA,NA
6655,科定,NA,NA,NA,NA,NA,NA
6666,羅麗芬-KY,NA,NA,NA,NA,NA,NA
6668,中揚光,NA,NA,NA,NA,NA,NA
6669,緯穎,NA,NA,NA,NA,NA,NA
6670,復盛應用,NA,NA,NA,NA,NA,NA
6671,三能-KY,NA,NA,NA,NA,NA,NA
6672,騰輝電子-KY,NA,NA,NA,NA,NA,NA
6674,鋐寶科技,NA,NA,NA,NA,NA,NA
6698,旭暉應材,NA,NA,NA,NA,NA,NA
6702,NA,TW0006702004,2011/11/01,上市,航運業,ESVUFR,NA
6706,惠特,NA,NA,NA,NA,NA,NA
6715,嘉基,NA,NA,NA,NA,NA,NA
8008,NA,TW0008008004,2004/11/05,上市,電腦及週邊設備業,ESVUFR,NA
8011,台通,TW0008011008,2011/09/19,上市,通信網路業,ESVUFR,NA
8016,矽創,TW0008016007,2003/12/25,上市,半導體業,ESVUFR,NA
8021,尖點,TW0008021007,2008/01/21,上市,其他電子業,ESVUFR,NA
8028,昇陽半導體,NA,NA,NA,NA,NA,NA
8033,雷虎,TW0008033002,2007/06/21,上市,其他,ESVUFR,NA
8039,台虹,TW0008039009,2009/12/17,上市,電子零組件業,ESVUFR,NA
8046,南電,TW0008046004,2006/04/07,上市,電子零組件業,ESVUFR,NA
8070,長華,TW0008070004,2007/12/31,上市,電子通路業,ESVUFR,NA
8072,陞泰,TW0008072000,2005/08/19,上市,光電業,ESVUFR,NA
8078,NA,TW0008078007,2003/12/09,上市,通信網路業,ESVUFR,NA
8081,致新,TW0008081001,2008/12/30,上市,半導體業,ESVUFR,NA
8101,華冠,TW0008101007,2004/07/01,上市,通信網路業,ESVUFR,NA
8103,瀚荃,TW0008103003,2009/09/29,上市,電子零組件業,ESVUFR,NA
8104,錸寶,NA,NA,NA,NA,NA,NA
8105,凌巨,TW0008105008,2006/12/27,上市,光電業,ESVUFR,NA
8110,華東,TW0008110008,2007/10/31,上市,半導體業,ESVUFR,NA
8112,至上,TW0008112004,2007/12/31,上市,電子通路業,ESVUFR,NA
8114,振樺電,NA,NA,NA,NA,NA,NA
8131,福懋科,TW0008131004,2007/11/29,上市,半導體業,ESVUFR,NA
8150,南茂,NA,NA,NA,NA,NA,NA
8163,達方,TW0008163007,2007/11/28,上市,電子零組件業,ESVUFR,NA
8199,NA,TW0008199001,2011/09/08,上市,光電業,ESVUFR,NA
8201,無敵,TW0008201005,2007/10/29,上市,其他電子業,ESVUFR,NA
8201,無敵,HK0000052297,2010/12/08,上市,,EUCGSR,NA
8210,勤誠,TW0008210006,2011/12/01,上市,電腦及週邊設備業,ESVUFR,NA
8213,志超,TW0008213000,2009/12/25,上市,電子零組件業,ESVUFR,NA
8215,明基材,TW0008215005,2010/11/12,上市,光電業,ESVUFR,NA
8222,寶一,NA,NA,NA,NA,NA,NA
8249,菱光,TW0008249004,2005/05/17,上市,電子零組件業,ESVUFR,NA
8261,富鼎,TW0008261009,2009/12/11,上市,半導體業,ESVUFR,NA
8271,宇瞻,TW0008271008,2010/12/29,上市,半導體業,ESVUFR,NA
8341,日友,NA,NA,NA,NA,NA,NA
8367,建新國際,NA,NA,NA,NA,NA,NA
8374,羅昇,TW0008374000,2008/12/25,上市,電機機械,ESVUFR,NA
8404,百和興業-KY,KYG684631016,2011/05/18,上市,其他,ESVUFR,NA
8411,福貞-KY,KYG525911072,2011/11/01,上市,其他,ESVUFR,NA
8422,可寧衛,TW0008422007,2011/10/05,上市,其他,ESVUFR,NA
8427,基勝-KY,KYG525341072,2011/12/06,上市,其他,ESVUFR,NA
8429,金麗-KY,NA,NA,NA,NA,NA,NA
8442,威宏-KY,NA,NA,NA,NA,NA,NA
8443,阿瘦,NA,NA,NA,NA,NA,NA
8454,富邦媒,NA,NA,NA,NA,NA,NA
8462,柏文,NA,NA,NA,NA,NA,NA
8463,潤泰材,NA,NA,NA,NA,NA,NA
8464,億豐,NA,NA,NA,NA,NA,NA
8466,美吉吉-KY,NA,NA,NA,NA,NA,NA
8467,波力-KY,NA,NA,NA,NA,NA,NA
8473,山林水,NA,NA,NA,NA,NA,NA
8478,東哥遊艇,NA,NA,NA,NA,NA,NA
8480,泰昇-KY,NA,NA,NA,NA,NA,NA
8481,政伸,NA,NA,NA,NA,NA,NA
8482,商億-KY,NA,NA,NA,NA,NA,NA
8488,吉源-KY,NA,NA,NA,NA,NA,NA
8497,格威傳媒,NA,NA,NA,NA,NA,NA
8499,鼎炫-KY,NA,NA,NA,NA,NA,NA
8926,台汽電,TW0008926007,2003/08/25,上市,油電燃氣業,ESVUFR,NA
8940,新天地,TW0008940008,2009/05/15,上市,觀光事業,ESVUFR,NA
8996,高力,NA,NA,NA,NA,NA,NA
9103,美德醫療-DR,TW0009103002,2002/12/13,上市,,ESVUFA,NA
910322,康師傅-DR,NA,NA,NA,NA,NA,NA
9104,NA,TW0009104000,2003/01/20,上市,,ESVUFA,NA
910482,聖馬丁-DR,NA,NA,NA,NA,NA,NA
9105,泰金寶-DR,TW0009105007,2003/09/22,上市,,ESVUFA,NA
9106,NA,TW0009106005,2009/10/12,上市,,EMXXXA,NA
910861,神州-DR,NA,NA,NA,NA,NA,NA
9110,越南控-DR,TW0009110007,2009/12/03,上市,,EMXXXA,NA
911608,明輝-DR,NA,NA,NA,NA,NA,NA
911616,杜康-DR,NA,NA,NA,NA,NA,NA
911622,泰聚亨-DR,NA,NA,NA,NA,NA,NA
911868,同方友友-DR,NA,NA,NA,NA,NA,NA
912000,晨訊科-DR,NA,NA,NA,NA,NA,NA
912398,友佳-DR,NA,NA,NA,NA,NA,NA
9136,巨騰-DR,TW0009136002,2009/05/25,上市,,EMXXXA,NA
9151,NA,TW0009151001,2009/04/28,上市,,EMXXXA,NA
9157,NA,TW0009157008,2009/12/11,上市,,EMXXXA,NA
9188,精熙-DR,TW0009188003,2009/10/08,上市,,ESVUFA,NA
9802,鈺齊-KY,NA,NA,NA,NA,NA,NA
9902,台火,TW0009902007,1964/07/14,上市,其他,ESVUFR,NA
9904,寶成,TW0009904003,1990/01/19,上市,其他,ESVUFR,NA
9905,大華,TW0009905000,1990/08/08,上市,其他,ESVUFR,NA
9906,欣巴巴,TW0009906008,1990/12/15,上市,其他,ESVUFR,NA
9907,統一實,TW0009907006,1991/01/29,上市,其他,ESVUFR,NA
9908,大台北,TW0009908004,1991/02/06,上市,油電燃氣業,ESVUFR,NA
9910,豐泰,TW0009910000,1992/02/18,上市,其他,ESVUFR,NA
9911,櫻花,TW0009911008,1992/07/16,上市,其他,ESVUFR,NA
9912,偉聯,TW0009912006,1992/08/08,上市,電腦及週邊設備業,ESVUFR,NA
9914,美利達,TW0009914002,1992/09/30,上市,其他,ESVUFR,NA
9917,中保科,TW0009917005,1992/12/08,上市,其他,ESVUFR,NA
9918,欣天然,TW0009918003,1994/04/26,上市,油電燃氣業,ESVUFR,NA
9919,康那香,TW0009919001,1994/11/04,上市,其他,ESVUFR,NA
9921,巨大,TW0009921007,1994/12/29,上市,其他,ESVUFR,NA
9924,福興,TW0009924001,1995/03/15,上市,其他,ESVUFR,NA
9925,新保,TW0009925008,1995/12/09,上市,其他,ESVUFR,NA
9926,新海,TW0009926006,1998/04/08,上市,油電燃氣業,ESVUFR,NA
9927,泰銘,TW0009927004,1999/03/12,上市,其他,ESVUFR,NA
9928,中視,TW0009928002,1999/08/09,上市,其他,ESVUFR,NA
9929,秋雨,TW0009929000,1999/06/28,上市,其他,ESVUFR,NA
9930,中聯資源,TW0009930008,1999/11/22,上市,其他,ESVUFR,NA
9931,欣高,TW0009931006,2000/03/21,上市,油電燃氣業,ESVUFR,NA
9933,中鼎,TW0009933002,1993/05/28,上市,其他,ESVUFR,NA
9934,成霖,TW0009934000,2000/09/11,上市,其他,ESVUFR,NA
9935,慶豐富,TW0009935007,2000/09/11,上市,其他,ESVUFR,NA
9937,全國,TW0009937003,2000/09/11,上市,油電燃氣業,ESVUFR,NA
9938,百和,TW0009938001,2001/01/12,上市,其他,ESVUFR,NA
9939,宏全,TW0009939009,2001/03/02,上市,其他,ESVUFR,NA
9940,信義,TW0009940007,2001/09/17,上市,其他,ESVUFR,NA
9941,裕融,TW0009941005,2001/09/17,上市,其他,ESVUFR,NA
9942,茂順,TW0009942003,2002/01/28,上市,其他,ESVUFR,NA
9943,好樂迪,TW0009943001,2002/08/26,上市,其他,ESVUFR,NA
9944,新麗,TW0009944009,2002/08/26,上市,其他,ESVUFR,NA
9945,潤泰新,TW0009945006,1992/04/30,上市,其他,ESVUFR,NA
9946,三發地產,NA,NA,NA,NA,NA,NA
9955,佳龍,TW0009955005,2008/01/21,上市,其他,ESVUFR,NA
9958,世紀鋼,TW0009958009,2008/03/12,上市,鋼鐵工業,ESVUFR,NA
